campanha,conjunto,anuncio,orcamento_diario_brl,video,texto_na_tela_0-3s,texto_principal,titulo,descricao,cta,url_destino,parametros_url
LQV | Leads | Teste Criativos | ABO,LQV | C1 Trafego sem conversao | Lojistas RegPrio 25-60,C1 | Trafego sem conversao | 9x16,40,Planta baixa de loja real na tela + narração Criativo 1,LOJA CHEIA. CAIXA VAZIO?,"Sua loja tem movimento, mas não vende o que devia?

O problema pode não ser o produto, nem o vendedor, nem o preço. Pode ser o espaço.

Sou arquiteto especialista em varejo (CAU-PE) e vejo o mesmo padrão loja após loja: decisões de layout que ninguém percebe, mas que fazem o cliente sair sem comprar.

Montei um checklist gratuito com os 5 erros mais comuns. Em 3 minutos você descobre quais estão acontecendo na sua loja.

👇 Toque em ""Baixar"" e receba grátis.",Checklist grátis: 5 erros que fazem sua loja perder venda,"PDF de 3 páginas, feito por arquiteto de varejo",Baixar,https://SEU-DOMINIO.com.br/loja-que-vende/,utm_source=meta&utm_medium=paid&utm_campaign={{campaign.name}}&utm_term={{adset.name}}&utm_content={{ad.name}}
LQV | Leads | Teste Criativos | ABO,LQV | C2 Margem zona fria | Lojistas RegPrio 25-60,C2 | Margem zona fria | 9x16,40,Planta com zona quente/fria ou foto das araras do Empório Fit + narração Criativo 2,SEU PRODUTO MAIS LUCRATIVO ESTÁ ESCONDIDO?,"Qual produto da sua loja tem a maior margem?

Agora olha onde ele está.

Na maioria das lojas que eu analiso, o produto que mais dá lucro fica exatamente na pior zona: longe de onde o cliente olha primeiro.

Não é acaso, é erro de zoneamento. E se corrige mudando produto de lugar, sem obra.

👇 Baixe grátis o checklist dos 5 erros de layout e descubra se isso está acontecendo na sua loja.",Seu produto mais lucrativo está no lugar errado?,Checklist grátis de autoavaliação da loja,Baixar,https://SEU-DOMINIO.com.br/loja-que-vende/,utm_source=meta&utm_medium=paid&utm_campaign={{campaign.name}}&utm_term={{adset.name}}&utm_content={{ad.name}}
LQV | Leads | Teste Criativos | ABO,LQV | C3 Sem ponto de decisao | Lojistas RegPrio 25-60,C3 | Sem ponto de decisao | 9x16,40,Diagrama de fluxo / planta com seta de percurso + narração Criativo 3,"ENTRA, DÁ UMA VOLTA E SAI?","O cliente entra, dá uma volta… e vai embora sem comprar.

Isso não é falta de sorte. É falta de um ponto que faça ele PARAR.

Toda loja que converte bem tem pelo menos um ponto de decisão no meio do trajeto: um lugar desenhado de propósito para o cliente parar, olhar e considerar comprar.

👇 Baixe grátis o checklist e veja se sua loja tem o seu.",Por que o cliente dá uma volta e sai sem comprar,5 erros de layout em 1 checklist grátis,Baixar,https://SEU-DOMINIO.com.br/loja-que-vende/,utm_source=meta&utm_medium=paid&utm_campaign={{campaign.name}}&utm_term={{adset.name}}&utm_content={{ad.name}}
LQV | Leads | Teste Criativos | ABO,LQV | C4 Vitrine lotada | Lojistas RegPrio 25-60,C4 | Vitrine lotada | 9x16,40,Foto real da vitrine do Empório Fit + narração Criativo 4,SUA VITRINE ESPANTA CLIENTE?,"Sua vitrine tem 10 peças tentando vender tudo ao mesmo tempo?

Esse é o motivo número 1 de gente passar reto na frente da sua loja.

Vitrine que vende tem no máximo 3 peças em destaque, com luz dirigida. Simples de corrigir, mas quase ninguém faz.

👇 Baixe grátis o checklist com esse e outros 4 erros de layout que fazem sua loja perder venda.",Vitrine lotada não para ninguém na calçada,"Checklist grátis, 3 minutos de leitura",Baixar,https://SEU-DOMINIO.com.br/loja-que-vende/,utm_source=meta&utm_medium=paid&utm_campaign={{campaign.name}}&utm_term={{adset.name}}&utm_content={{ad.name}}
LQV | Leads | Teste Criativos | ABO,LQV | C5 Iluminacao generica | Lojistas RegPrio 25-60,C5 | Iluminacao generica | 9x16,40,"Exemplo real de luz em camadas, contraste luz/sombra + narração Criativo 5",A LUZ DA SUA LOJA VENDE?,"Sua loja tem luz. Mas ela não vende nada sozinha.

Luz de vitrine devia ser mais forte que a da rua. Luz do produto-foco devia ser dirigida, não genérica.

Se sua loja usa a mesma luz em tudo, seu melhor produto está se perdendo no meio dos outros.

👇 Baixe grátis o checklist dos 5 erros de layout, incluindo o de iluminação.",A luz da sua loja está escondendo seu melhor produto,Checklist grátis de arquiteto de varejo,Baixar,https://SEU-DOMINIO.com.br/loja-que-vende/,utm_source=meta&utm_medium=paid&utm_campaign={{campaign.name}}&utm_term={{adset.name}}&utm_content={{ad.name}}
